Country Name,Total Recovery/Total Covid Cases
Turkey,0.9932
Israel,0.989
Netherlands,0.988
India,0.9874
Malaysia,0.9869
Austria,0.9803
Argentina,0.9774
Thailand,0.9753
UK,0.975
Indonesia,0.9732
Colombia,0.9727
Iran,0.9702
Brazil,0.9701
USA,0.9675
Russia,0.9659
France,0.9588
Japan,0.9562
Spain,0.9555
Belgium,0.9516
Australia,0.9361
Oceania,0.9328
Africa,0.932
Germany,0.9289
Italy,0.9261
Poland,0.8889
Mexico,0.878
Vietnam,0.873
S-Korea,0.0
Ukraine,0.0
Portugal,0.0
