Country Name,Total Recovery/Total Covid Cases
S-Korea,0.0
Ukraine,0.0
Portugal,0.0
Vietnam,0.873
Mexico,0.878
Poland,0.8889
Italy,0.9261
Germany,0.9289
Africa,0.932
Oceania,0.9328
Australia,0.9361
Belgium,0.9516
Spain,0.9555
Japan,0.9562
France,0.9588
Russia,0.9659
USA,0.9675
Brazil,0.9701
Iran,0.9702
Colombia,0.9727
Indonesia,0.9732
UK,0.975
Thailand,0.9753
Argentina,0.9774
Austria,0.9803
Malaysia,0.9869
India,0.9874
Netherlands,0.988
Israel,0.989
Turkey,0.9932
